<?xml version="1.0" encoding="UTF-8"?>
<project-private xmlns="http://www.netbeans.org/ns/project-private/1">
    <editor-bookmarks xmlns="http://www.netbeans.org/ns/editor-bookmarks/2" lastBookmarkId="0"/>
    <open-files xmlns="http://www.netbeans.org/ns/projectui-open-files/2">
        <group>
            <file>file:/C:/Users/Monic/Desktop/MicroController/car_black_box_project.X/adc.h</file>
            <file>file:/C:/Users/Monic/Desktop/MicroController/car_black_box_project.X/i2c.h</file>
            <file>file:/C:/Users/Monic/Desktop/MicroController/car_black_box_project.X/external_eeprom.h</file>
            <file>file:/C:/Users/Monic/Desktop/MicroController/car_black_box_project.X/adc.c</file>
            <file>file:/C:/Users/Monic/Desktop/MicroController/car_black_box_project.X/car_black_box_def.c</file>
            <file>file:/C:/Users/Monic/Desktop/MicroController/car_black_box_project.X/ds1307.c</file>
            <file>file:/C:/Users/Monic/Desktop/MicroController/car_black_box_project.X/car_black_box.h</file>
            <file>file:/C:/Users/Monic/Desktop/MicroController/car_black_box_project.X/external_eeprom.c</file>
            <file>file:/C:/Users/Monic/Desktop/MicroController/car_black_box_project.X/timer.h</file>
            <file>file:/C:/Users/Monic/Desktop/MicroController/car_black_box_project.X/clcd.c</file>
            <file>file:/C:/Users/Monic/Desktop/MicroController/car_black_box_project.X/digital_keypad.h</file>
            <file>file:/C:/Users/Monic/Desktop/MicroController/car_black_box_project.X/uart.h</file>
            <file>file:/C:/Users/Monic/Desktop/MicroController/car_black_box_project.X/isr.c</file>
            <file>file:/C:/Users/Monic/Desktop/MicroController/car_black_box_project.X/main.h</file>
            <file>file:/C:/Users/Monic/Desktop/MicroController/car_black_box_project.X/digital_keypad.c</file>
            <file>file:/C:/Users/Monic/Desktop/MicroController/car_black_box_project.X/i2c.c</file>
            <file>file:/C:/Users/Monic/Desktop/MicroController/car_black_box_project.X/timer.c</file>
            <file>file:/C:/Users/Monic/Desktop/MicroController/car_black_box_project.X/main.c</file>
            <file>file:/C:/Users/Monic/Desktop/MicroController/car_black_box_project.X/uart.c</file>
            <file>file:/C:/Users/Monic/Desktop/MicroController/car_black_box_project.X/clcd.h</file>
        </group>
    </open-files>
</project-private>
