<?xml version="1.0" encoding="UTF-8"?>
<project-private xmlns="http://www.netbeans.org/ns/project-private/1">
    <editor-bookmarks xmlns="http://www.netbeans.org/ns/editor-bookmarks/2" lastBookmarkId="0"/>
    <open-files xmlns="http://www.netbeans.org/ns/projectui-open-files/2">
        <group>
            <file>file:/C:/Users/Monic/Desktop/MicroController/As-32%20a%20dynamic%20scrolling%20message%20marquee%20with%20scroll%20.X/digital_keypad.h</file>
            <file>file:/C:/Users/Monic/Desktop/MicroController/As-32%20a%20dynamic%20scrolling%20message%20marquee%20with%20scroll%20.X/digital_keypad.c</file>
            <file>file:/C:/Users/Monic/Desktop/MicroController/As-32%20a%20dynamic%20scrolling%20message%20marquee%20with%20scroll%20.X/uart.h</file>
            <file>file:/C:/Users/Monic/Desktop/MicroController/As-32%20a%20dynamic%20scrolling%20message%20marquee%20with%20scroll%20.X/timer.c</file>
            <file>file:/C:/Users/Monic/Desktop/MicroController/As-32%20a%20dynamic%20scrolling%20message%20marquee%20with%20scroll%20.X/uart.c</file>
            <file>file:/C:/Users/Monic/Desktop/MicroController/As-32%20a%20dynamic%20scrolling%20message%20marquee%20with%20scroll%20.X/clcd.c</file>
            <file>file:/C:/Users/Monic/Desktop/MicroController/As-32%20a%20dynamic%20scrolling%20message%20marquee%20with%20scroll%20.X/main.c</file>
            <file>file:/C:/Users/Monic/Desktop/MicroController/As-32%20a%20dynamic%20scrolling%20message%20marquee%20with%20scroll%20.X/clcd.h</file>
            <file>file:/C:/Users/Monic/Desktop/MicroController/As-32%20a%20dynamic%20scrolling%20message%20marquee%20with%20scroll%20.X/timer.h</file>
        </group>
    </open-files>
</project-private>
