<?xml version="1.0" encoding="UTF-8"?>
<project-private xmlns="http://www.netbeans.org/ns/project-private/1">
    <editor-bookmarks xmlns="http://www.netbeans.org/ns/editor-bookmarks/2" lastBookmarkId="0"/>
    <open-files xmlns="http://www.netbeans.org/ns/projectui-open-files/2">
        <group>
            <file>file:/C:/Users/Monic/Desktop/MicroController/As-27_4%20digit_%20key_%20press_%20counter_%20%20using_%20external_%20EEPROM.X/digital_keypad.c</file>
            <file>file:/C:/Users/Monic/Desktop/MicroController/As-27_4%20digit_%20key_%20press_%20counter_%20%20using_%20external_%20EEPROM.X/main.c</file>
            <file>file:/C:/Users/Monic/Desktop/MicroController/As-27_4%20digit_%20key_%20press_%20counter_%20%20using_%20external_%20EEPROM.X/digital_keypad.h</file>
            <file>file:/C:/Users/Monic/Desktop/MicroController/As-27_4%20digit_%20key_%20press_%20counter_%20%20using_%20external_%20EEPROM.X/ssd.h</file>
            <file>file:/C:/Users/Monic/Desktop/MicroController/As-27_4%20digit_%20key_%20press_%20counter_%20%20using_%20external_%20EEPROM.X/external_eeprom.c</file>
            <file>file:/C:/Users/Monic/Desktop/MicroController/As-27_4%20digit_%20key_%20press_%20counter_%20%20using_%20external_%20EEPROM.X/i2c.c</file>
            <file>file:/C:/Users/Monic/Desktop/MicroController/As-27_4%20digit_%20key_%20press_%20counter_%20%20using_%20external_%20EEPROM.X/ssd.c</file>
            <file>file:/C:/Users/Monic/Desktop/MicroController/As-27_4%20digit_%20key_%20press_%20counter_%20%20using_%20external_%20EEPROM.X/external_eeprom.h</file>
            <file>file:/C:/Users/Monic/Desktop/MicroController/As-27_4%20digit_%20key_%20press_%20counter_%20%20using_%20external_%20EEPROM.X/i2c.h</file>
        </group>
    </open-files>
</project-private>
