<?xml version="1.0" encoding="UTF-8"?>
<project-private xmlns="http://www.netbeans.org/ns/project-private/1">
    <editor-bookmarks xmlns="http://www.netbeans.org/ns/editor-bookmarks/2" lastBookmarkId="0"/>
    <open-files xmlns="http://www.netbeans.org/ns/projectui-open-files/2">
        <group>
            <file>file:/C:/Users/Monic/Desktop/MicroController/As-31%20Message_display_UART_CLCD.X/clcd.h</file>
            <file>file:/C:/Users/Monic/Desktop/MicroController/As-31%20Message_display_UART_CLCD.X/isr.c</file>
            <file>file:/C:/Users/Monic/Desktop/MicroController/As-31%20Message_display_UART_CLCD.X/uart.h</file>
            <file>file:/C:/Users/Monic/Desktop/MicroController/As-31%20Message_display_UART_CLCD.X/clcd.c</file>
            <file>file:/C:/Users/Monic/Desktop/MicroController/As-31%20Message_display_UART_CLCD.X/uart.c</file>
            <file>file:/C:/Users/Monic/Desktop/MicroController/As-31%20Message_display_UART_CLCD.X/main.c</file>
        </group>
    </open-files>
</project-private>
