<?xml version="1.0" encoding="UTF-8"?>
<project-private xmlns="http://www.netbeans.org/ns/project-private/1">
    <editor-bookmarks xmlns="http://www.netbeans.org/ns/editor-bookmarks/2" lastBookmarkId="0"/>
    <open-files xmlns="http://www.netbeans.org/ns/projectui-open-files/2">
        <group>
            <file>file:/C:/Users/Monic/Desktop/MicroController/Assignment26_4%20digit%20key.X/main.h</file>
            <file>file:/C:/Users/Monic/Desktop/MicroController/Assignment26_4%20digit%20key.X/Digital_keypad.h</file>
            <file>file:/C:/Users/Monic/Desktop/MicroController/Assignment26_4%20digit%20key.X/ssd.h</file>
            <file>file:/C:/Users/Monic/Desktop/MicroController/Assignment26_4%20digit%20key.X/main.c</file>
            <file>file:/C:/Users/Monic/Desktop/MicroController/Assignment26_4%20digit%20key.X/Digital_keypad.c</file>
            <file>file:/C:/Users/Monic/Desktop/MicroController/Assignment26_4%20digit%20key.X/ssd.c</file>
        </group>
    </open-files>
</project-private>
