<?xml version="1.0" encoding="UTF-8"?>
<project-private xmlns="http://www.netbeans.org/ns/project-private/1">
    <editor-bookmarks xmlns="http://www.netbeans.org/ns/editor-bookmarks/2" lastBookmarkId="0"/>
    <open-files xmlns="http://www.netbeans.org/ns/projectui-open-files/2">
        <group>
            <file>file:/C:/Users/Monic/Desktop/MicroController/As-08%20LED_dimmer_using_pwm_isr.X/timer.h</file>
            <file>file:/C:/Users/Monic/Desktop/MicroController/As-08%20LED_dimmer_using_pwm_isr.X/timer.c</file>
            <file>file:/C:/Users/Monic/Desktop/MicroController/As-08%20LED_dimmer_using_pwm_isr.X/main.h</file>
            <file>file:/C:/Users/Monic/Desktop/MicroController/As-08%20LED_dimmer_using_pwm_isr.X/adc.h</file>
            <file>file:/C:/Users/Monic/Desktop/MicroController/As-08%20LED_dimmer_using_pwm_isr.X/adc.c</file>
            <file>file:/C:/Users/Monic/Desktop/MicroController/As-08%20LED_dimmer_using_pwm_isr.X/isr.c</file>
            <file>file:/C:/Users/Monic/Desktop/MicroController/As-08%20LED_dimmer_using_pwm_isr.X/main.c</file>
        </group>
    </open-files>
</project-private>
