<?xml version="1.0" encoding="UTF-8"?>
<project-private xmlns="http://www.netbeans.org/ns/project-private/1">
    <editor-bookmarks xmlns="http://www.netbeans.org/ns/editor-bookmarks/2" lastBookmarkId="0"/>
    <open-files xmlns="http://www.netbeans.org/ns/projectui-open-files/2">
        <group>
            <file>file:/C:/Users/Monic/Desktop/MicroController/A10%20-%204%20digit%20down%20counter%20with%20varies%20freq.X/adc.c</file>
            <file>file:/C:/Users/Monic/Desktop/MicroController/A10%20-%204%20digit%20down%20counter%20with%20varies%20freq.X/ssd.h</file>
            <file>file:/C:/Users/Monic/Desktop/MicroController/A10%20-%204%20digit%20down%20counter%20with%20varies%20freq.X/ssd.c</file>
            <file>file:/C:/Users/Monic/Desktop/MicroController/A10%20-%204%20digit%20down%20counter%20with%20varies%20freq.X/adc.h</file>
            <file>file:/C:/Users/Monic/Desktop/MicroController/A10%20-%204%20digit%20down%20counter%20with%20varies%20freq.X/main.c</file>
        </group>
    </open-files>
</project-private>
